case,cycle,visit_rank,prime_label,accepted,remaining_before,remaining_after,consumed_address_after,instance_id
small_first,1,1,2,1,105,103,2,p2_occurrence1
small_first,1,2,3,1,103,100,5,p3_occurrence1
small_first,1,3,5,1,100,95,10,p5_occurrence1
small_first,1,4,7,1,95,88,17,p7_occurrence1
small_first,1,5,11,1,88,77,28,p11_occurrence1
small_first,1,6,13,1,77,64,41,p13_occurrence1
small_first,1,7,17,1,64,47,58,p17_occurrence1
small_first,1,8,19,1,47,28,77,p19_occurrence1
small_first,1,9,23,1,28,5,100,p23_occurrence1
small_first,1,10,29,0,5,5,100,
small_first,1,11,31,0,5,5,100,
small_first,1,12,37,0,5,5,100,
small_first,1,13,41,0,5,5,100,
small_first,1,14,43,0,5,5,100,
small_first,1,15,47,0,5,5,100,
small_first,2,1,2,1,5,3,102,p2_occurrence2
small_first,2,2,3,1,3,0,105,p3_occurrence2
small_first,2,3,5,0,0,0,105,
small_first,2,4,7,0,0,0,105,
small_first,2,5,11,0,0,0,105,
small_first,2,6,13,0,0,0,105,
small_first,2,7,17,0,0,0,105,
small_first,2,8,19,0,0,0,105,
small_first,2,9,23,0,0,0,105,
small_first,2,10,29,0,0,0,105,
small_first,2,11,31,0,0,0,105,
small_first,2,12,37,0,0,0,105,
small_first,2,13,41,0,0,0,105,
small_first,2,14,43,0,0,0,105,
small_first,2,15,47,0,0,0,105,
large_first,1,1,47,1,105,58,47,p47_occurrence1
large_first,1,2,43,1,58,15,90,p43_occurrence1
large_first,1,3,41,0,15,15,90,
large_first,1,4,37,0,15,15,90,
large_first,1,5,31,0,15,15,90,
large_first,1,6,29,0,15,15,90,
large_first,1,7,23,0,15,15,90,
large_first,1,8,19,0,15,15,90,
large_first,1,9,17,0,15,15,90,
large_first,1,10,13,1,15,2,103,p13_occurrence1
large_first,1,11,11,0,2,2,103,
large_first,1,12,7,0,2,2,103,
large_first,1,13,5,0,2,2,103,
large_first,1,14,3,0,2,2,103,
large_first,1,15,2,1,2,0,105,p2_occurrence1
