case,prime_label,multiplicity,address_contribution,readout
small_first,2,2,4,daughter_bundle
small_first,3,2,6,daughter_bundle
small_first,5,1,5,neutron
small_first,7,1,7,daughter_bundle
small_first,11,1,11,daughter_bundle
small_first,13,1,13,daughter_bundle
small_first,17,1,17,daughter_bundle
small_first,19,1,19,daughter_bundle
small_first,23,1,23,daughter_bundle
small_first,29,0,0,daughter_bundle
small_first,31,0,0,daughter_bundle
small_first,37,0,0,daughter_bundle
small_first,41,0,0,daughter_bundle
small_first,43,0,0,daughter_bundle
small_first,47,0,0,neutron
large_first,2,1,2,daughter_bundle
large_first,3,0,0,daughter_bundle
large_first,5,0,0,neutron
large_first,7,0,0,daughter_bundle
large_first,11,0,0,daughter_bundle
large_first,13,1,13,daughter_bundle
large_first,17,0,0,daughter_bundle
large_first,19,0,0,daughter_bundle
large_first,23,0,0,daughter_bundle
large_first,29,0,0,daughter_bundle
large_first,31,0,0,daughter_bundle
large_first,37,0,0,daughter_bundle
large_first,41,0,0,daughter_bundle
large_first,43,1,43,daughter_bundle
large_first,47,1,47,neutron
